epoch,startBlock,lockBlock,endBlock,lockPrice,closePrice,totalAmount,bullAmount,bearAmount,rewardBaseCalAmount,rewardAmount,oracleCalled
18942,9656326,9656426,9656526,34159542613,34200255442,3043750509740796189,2065921694985331809,977828814755464380,2065921694985331809,2952437994448572303,True
18943,9656429,9656529,9656629,34200255442,33992486771,5417830064754792939,267025345467813351,5150804719286979588,5150804719286979588,5255295162812149150,True
18944,9656533,9656633,9656733,33992486771,34032583104,15204103077572807912,603616094241409341,14600486983331398571,603616094241409341,14747979985245623674,True
18945,9656637,9656737,9656837,34032583104,34025277851,6138527267922781534,4006800184173652881,2131727083749128653,2131727083749128653,5954371449885098087,True
18946,9656740,9656840,9656940,34025277851,33893645781,3976399120728866418,2981360236485270962,995038884243595456,995038884243595456,3857107147107000425,True
18947,9656843,9656943,9657043,33893645781,33843000000,9456525157515734444,2163515441608137650,7293009715907596794,7293009715907596794,9172829402790262410,True
18948,9656947,9657047,9657147,33843000000,33760000000,6978576487418394586,2175375863237460510,4803200624180934076,4803200624180934076,6769219192795842748,True
18949,9657049,9657149,9657249,33760000000,33834473994,4767466141863115150,3503266780905442046,1264199360957673104,3503266780905442046,4624442157607221695,True
18950,9657152,9657252,9657352,33834473994,33883128278,7955887636411276018,3697360081593934487,4258527554817341531,3697360081593934487,7717211007318937737,True
18951,9657255,9657355,9657455,33883128278,33974142884,11613774529184476392,9477270350427572699,2136504178756903693,9477270350427572699,11265361293308942100,True
18952,9657358,9657458,9657558,33974142884,33977208517,12242176820357589413,2441019522483226450,9801157297874362963,2441019522483226450,11874911515746861730,True
18953,9657461,9657561,9657661,33977208517,33952000000,11103241942891698895,7191726212270794694,3911515730620904201,3911515730620904201,10770144684604947928,True
18954,9657565,9657665,9657765,33952000000,34003848053,6490352763320351435,5052075662799464636,1438277100520886799,5052075662799464636,6295642180420740891,True
18955,9657668,9657768,9657868,34003848053,34021536676,13623139554891024698,6836175551500152470,6786964003390872228,6836175551500152470,13214445368244293957,True
18956,9657771,9657871,9657971,34021536676,33989553521,14761544039103442739,2705113920047652059,12056430119055790680,12056430119055790680,14318697717930339456,True
18957,9657874,9657974,9658074,33989553521,34098480507,18279798798102561317,13525645238228839225,4754153559873722092,13525645238228839225,17731404834159484477,True
18958,9657977,9658077,9658177,34098480507,34100964057,12807415377050940240,9001823381510902949,3805591995540037291,9001823381510902949,12423192915739412032,True
18959,9658080,9658180,9658280,34100964057,34123000000,10631294378158275947,6863816207887440003,3767478170270835944,6863816207887440003,10312355546813527668,True
18960,9658183,9658283,9658383,34123000000,34120608177,12188707082084409861,8790316597260836636,3398390484823573225,3398390484823573225,11823045869621877565,True
18961,9658287,9658387,9658487,34120608177,34126200806,20969198885098278276,3735190219053421543,17234008666044856733,3735190219053421543,20340122918545329927,True
18962,9658390,9658490,9658590,34126200806,34199981516,13447430027682365039,9934096073814014914,3513333953868350125,9934096073814014914,13044007126851894087,True
18963,9658494,9658594,9658694,34199981516,34186196112,20482068098454295956,13622143539301466960,6859924559152828996,6859924559152828996,19867606055500667077,True
18964,9658597,9658697,9658797,34186196112,34113696607,20998250529179347117,13259680513543062164,7738570015636284953,7738570015636284953,20368303013303966703,True
18965,9658700,9658800,9658900,34113696607,34117444426,8718039698697298460,4700309201733815521,4017730496963482939,4700309201733815521,8456498507736379506,True
18966,9658804,9658904,9659004,34117444426,34009895411,9114261121725770964,6663320347755439023,2450940773970331941,2450940773970331941,8840833288073997835,True
18967,9658907,9659007,9659107,34009895411,34003000000,12595768221351018827,4130181444515553874,8465586776835464953,8465586776835464953,12217895174710488262,True
18968,9659010,9659110,9659210,34003000000,34018813192,11309677276885803689,8303853529969081872,3005823746916721817,8303853529969081872,10970386958579229578,True
18969,9659113,9659213,9659313,34018813192,33926449838,9184895082908520708,5142383544360954658,4042511538547566050,4042511538547566050,8909348230421265086,True
18970,9659216,9659316,9659416,33926449838,33880558529,13353773847058434400,10099398245050519620,3254375602007914780,3254375602007914780,12953160631646681368,True
18971,9659320,9659420,9659520,33880558529,33872874020,19541790425436375268,4002596686645049803,15539193738791325465,15539193738791325465,18955536712673284009,True
18972,9659423,9659523,9659623,33872874020,33873334410,9176987786179169011,3211471403057605238,5965516383121563773,3211471403057605238,8901678152593793940,True
18973,9659525,9659625,9659725,33873334410,33875443739,9878642680168132500,5297678401749263048,4580964278418869452,5297678401749263048,9582283399763088525,True
18974,9659628,9659728,9659828,33875443739,33852275886,10950585227165980646,3992554223204851185,6958031003961129461,6958031003961129461,10622067670351001226,True
18975,9659731,9659831,9659931,33852275886,33854158486,19958999570645604711,13025406277277461629,6933593293368143082,13025406277277461629,19360229583526236569,True
18976,9659834,9659934,9660034,33854158486,33852526411,10660224541277908512,8362792102381297889,2297432438896610623,2297432438896610623,10340417805039571256,True
18977,9659937,9660037,9660137,33852526411,33825628342,9005012179924119250,4023880076895092904,4981132103029026346,4981132103029026346,8734861814526395672,True
18978,9660040,9660140,9660240,33825628342,33916343977,31277816547581286368,9373719022332382083,21904097525248904285,9373719022332382083,30339482051153847776,True
18979,9660143,9660243,9660343,33916343977,33944000000,17782654798887186018,12724507505350906126,5058147293536279892,12724507505350906126,17249175154920570437,True
18980,9660247,9660347,9660447,33944000000,33929755719,7649509767169875339,2337333949653332620,5312175817516542719,5312175817516542719,7420024474154779078,True
18981,9660351,9660451,9660551,33929755719,33932545991,10590198717331398255,7067843846437694232,3522354870893704023,7067843846437694232,10272492755811456307,True
18982,9660455,9660555,9660655,33932545991,33877547669,6941588407612079165,1803921287704195188,5137667119907883977,5137667119907883977,6733340755383716790,True
18983,9660559,9660659,9660759,33877547669,33884000000,16903525363461394094,11622096921216414331,5281428442244979763,11622096921216414331,16396419602557552271,True
18984,9660662,9660762,9660862,33884000000,33849110681,9442735792071121897,1339071685107171539,8103664106963950358,8103664106963950358,9159453718308988240,True
18985,9660765,9660865,9660965,33849110681,33942847356,18911455166336532924,15297953098131088918,3613502068205444006,15297953098131088918,18344111511346436936,True
18986,9660869,9660969,9661069,33942847356,33928541219,18029574931676004179,10816882428870552317,7212692502805451862,7212692502805451862,17488687683725724053,True
18987,9660972,9661072,9661172,33928541219,33990223433,12119196172617485138,9895949617394381098,2223246555223104040,9895949617394381098,11755620287438960583,True
18988,9661076,9661176,9661276,33990223433,33920292284,10150966422027931805,4755292767327231679,5395673654700700126,5395673654700700126,9846437429367093850,True
18989,9661180,9661280,9661380,33920292284,33916000000,8451302681753152767,4446124712524323983,4005177969228828784,4005177969228828784,8197763601300558183,True
18990,9661284,9661384,9661484,33916000000,34031482310,10326964874315015730,7796085231314549524,2530879643000466206,7796085231314549524,10017155928085565258,True
18991,9661389,9661489,9661589,34031482310,34019030455,15997820917885561867,11232942372288168268,4764878545597393599,4764878545597393599,15517886290348995010,True
18992,9661494,9661594,9661694,34019030455,34127557904,14090661185108703161,12218341498561656186,1872319686547046975,12218341498561656186,13667941349555442066,True
18993,9661598,9661698,9661798,34127557904,34134583063,12014017849101607926,4900242259418090068,7113775589683517858,4900242259418090068,11653597313628559688,True
18994,9661701,9661801,9661901,34134583063,34102198218,6633223894483065963,2026837018442756343,4606386876040309620,4606386876040309620,6434227177648573984,True
18995,9661804,9661904,9662004,34102198218,34049626493,15160968837570246774,5380048591490626515,9780920246079620259,9780920246079620259,14706139772443139370,True
18996,9661906,9662006,9662106,34049626493,34031000000,10049015217834263567,5431194252387116085,4617820965447147482,4617820965447147482,9747544761299235659,True
18997,9662010,9662110,9662210,34031000000,33867979208,21773645576401539150,5223758479961011236,16549887096440527914,16549887096440527914,21120436209109492975,True
18998,9662114,9662214,9662314,33867979208,33898513149,14060440408014311342,8074767861747302510,5985672546267008832,8074767861747302510,13638627195773882001,True
18999,9662219,9662319,9662419,33898513149,33831383442,12348434059764777248,5745019569773707688,6603414489991069560,6603414489991069560,11977981037971833930,True
19000,9662322,9662422,9662522,33831383442,33711808179,21009414062029226056,3768759801728523803,17240654260300702253,17240654260300702253,20379131640168349274,True
19001,9662426,9662526,9662626,33711808179,33618768221,10815715312052027877,4618221568667686319,6197493743384341558,6197493743384341558,10491243852690467040,True
19002,9662533,9662633,9662733,33618768221,33399832826,35380190103928192709,3557663147197372505,31822526956730820204,31822526956730820204,34318784400810346927,True
19003,9662639,9662739,9662839,33399832826,33362184120,23046096679274989302,4875492541722622725,18170604137552366577,18170604137552366577,22354713778896739622,True
19004,9662742,9662842,9662942,33362184120,33320440897,17327065230187036264,11191445175995549825,6135620054191486439,6135620054191486439,16807253273281425176,True
19005,9662845,9662945,9663045,33320440897,33404000000,30254249256726321514,25264989295911197998,4989259960815123516,25264989295911197998,29346621779024531868,True
19006,9662949,9663049,9663149,33404000000,33461557671,21265432167431073471,13079956933499446181,8185475233931627290,13079956933499446181,20627469202408141266,True
19007,9663052,9663152,9663252,33461557671,33705351208,34242717584288895236,29251737841277182673,4990979743011712563,29251737841277182673,33215436056760228378,True
19008,9663155,9663255,9663355,33705351208,33768928014,25035083928798045587,14580147714357598938,10454936214440446649,14580147714357598938,24284031410934104219,True
19009,9663258,9663358,9663458,33768928014,33832268009,16404229489750306087,6073855662713990216,10330373827036315871,6073855662713990216,15912102605057796904,True
19010,9663362,9663462,9663562,33832268009,33820522519,21945324140745093198,20051699787206445533,1893624353538647665,1893624353538647665,21286964416522740402,True
19011,9663467,9663567,9663667,33820522519,33786505730,15904722171916434062,2796385236998046400,13108336934918387662,13108336934918387662,15427580506758941040,True
19012,9663570,9663670,9663770,33786505730,33675895124,17851018977911296083,3531709295047298753,14319309682863997330,14319309682863997330,17315488408573957200,True
19013,9663674,9663774,9663874,33675895124,33614000000,17916282815194572456,8436240755934977467,9480042059259594989,9480042059259594989,17378794330738735282,True
19014,9663777,9663877,9663977,33614000000,33563055545,12410030392381825242,5898219674235102929,6511810718146722313,6511810718146722313,12037729480610370484,True
19015,9663881,9663981,9664081,33563055545,33537932448,20942283614366493137,2625377460592307774,18316906153774185363,18316906153774185363,20314015105935498342,True
19016,9663984,9664084,9664184,33537932448,33542081695,11804952047507069656,6048250943351096697,5756701104155972959,6048250943351096697,11450803486081857566,True
19017,9664089,9664189,9664289,33542081695,33514344956,15725389155484302333,7993218215358497446,7732170940125804887,7732170940125804887,15253627480819773263,True
19018,9664193,9664293,9664393,33514344956,33643692712,19052592573776130057,11764476947998800314,7288115625777329743,11764476947998800314,18481014796562846155,True
19019,9664297,9664397,9664497,33643692712,33581000000,21673073026850623622,15098225982374374727,6574847044476248895,6574847044476248895,21022880836045104913,True
19020,9664401,9664501,9664601,33581000000,33589514065,21968697518950800355,5347677908738886041,16621019610211914314,5347677908738886041,21309636593382276344,True
19021,9664506,9664606,9664706,33589514065,33607000000,14907462967419200159,10418221538208028214,4489241429211171945,10418221538208028214,14460239078396624154,True
19022,9664610,9664710,9664810,33607000000,33649000000,23235050130020784324,14312142529417248399,8922907600603535925,14312142529417248399,22537998626120160794,True
19023,9664713,9664813,9664913,33649000000,33660132875,7882338765005990172,2854806198863482048,5027532566142508124,2854806198863482048,7645868602055810466,True
19024,9664816,9664916,9665016,33660132875,33724158404,14500368887992757434,7859540417454072175,6640828470538685259,7859540417454072175,14065357821352974710,True
19025,9664920,9665020,9665120,33724158404,33741000000,28878494936729228765,21226961485802878055,7651533450926350710,21226961485802878055,28012140088627351902,True
19026,9665024,9665124,9665224,33741000000,33730564045,20570170707543864944,6392769041801998988,14177401665741865956,14177401665741865956,19953065586317548995,True
19027,9665127,9665227,9665327,33730564045,33776000000,20557751974656531681,14081245808118947488,6476506166537584193,14081245808118947488,19941019415416835730,True
19028,9665232,9665332,9665432,33776000000,33777000000,12871105870606560291,7191988305261608545,5679117565344951746,7191988305261608545,12484972694488363482,True
19029,9665336,9665436,9665536,33777000000,33783036464,15866021704053792567,7457026040532728810,8408995663521063757,7457026040532728810,15390041052932178789,True
19030,9665440,9665540,9665640,33783036464,33683984632,15925101904659452721,9008582993986972504,6916518910672480217,6916518910672480217,15447348847519669139,True
19031,9665544,9665644,9665744,33683984632,33611626275,12046890644248973123,5092063286205580976,6954827358043392147,6954827358043392147,11685483924921503929,True
19032,9665648,9665748,9665848,33611626275,33574206131,20045229526980975577,12875927317976413499,7169302209004562078,7169302209004562078,19443872641171546309,True
19033,9665751,9665851,9665951,33574206131,33574974297,14145621611649651696,4250657668965305462,9894963942684346234,4250657668965305462,13721252963300162145,True
19034,9665854,9665954,9666054,33574974297,33521908660,14192622124211739385,4504533152732528012,9688088971479211373,9688088971479211373,13766843460485387203,True
19035,9665957,9666057,9666157,33521908660,33523311207,24124813097593806893,1723523345736409844,22401289751857397049,1723523345736409844,23401068704665992686,True
19036,9666060,9666160,9666260,33523311207,33687000000,19504105025932913559,14710383130502520908,4793721895430392651,14710383130502520908,18918981875154926152,True
19037,9666165,9666265,9666365,33687000000,33699338193,22110939486519786061,12731450254348968500,9379489232170817561,12731450254348968500,21447611301924192479,True
19038,9666268,9666368,9666468,33699338193,33840268758,19263971853371340727,13825944518494320818,5438027334877019909,13825944518494320818,18686052697770200505,True
19039,9666371,9666471,9666571,33840268758,33890000000,24788451035596333598,19198437366724666444,5590013668871667154,19198437366724666444,24044797504528443590,True
19040,9666474,9666574,9666674,33890000000,33914786652,11838081984641939327,3610350846818037626,8227731137823901701,3610350846818037626,11482939525102681147,True
19041,9666577,9666677,9666777,33914786652,33980000000,15012148804395718583,11161998030190201547,3850150774205517036,11161998030190201547,14561784340263847025,True
19042,9666680,9666780,9666880,33980000000,33963920942,15105172032896600711,11671749949423781208,3433422083472819503,3433422083472819503,14652016871909702689,True
19043,9666784,9666884,9666984,33963920942,33963291670,16293851986104218810,5168301108105807674,11125550877998411136,11125550877998411136,15805036426521092245,True
19044,9666887,9666987,9667087,33963291670,34014091809,18753228948320329934,7566823451012154096,11186405497308175838,7566823451012154096,18190632079870720035,True
19045,9666990,9667090,9667190,34014091809,34073701874,18630317632219040419,15699980449582834681,2930337182636205738,15699980449582834681,18071408103252469206,True
19046,9667094,9667194,9667294,34073701874,34202153233,22404768970346597821,20014300487252860690,2390468483093737131,20014300487252860690,21732625901236199886,True
19047,9667198,9667298,9667398,34202153233,34300359410,19322196348092087257,15661956570894470933,3660239777197616324,15661956570894470933,18742530457649324639,True
19048,9667301,9667401,9667501,34300359410,34294616430,14757602020746365968,8282544820674099758,6475057200072266210,6475057200072266210,14314873960123974988,True
19049,9667404,9667504,9667604,34294616430,34264448611,17485731882027143411,11561425286430905711,5924306595596237700,5924306595596237700,16961159925566329108,True
19050,9667507,9667607,9667707,34264448611,34196445527,24601533726627537925,10092340362298622794,14509193364328915131,14509193364328915131,23863487714828711787,True
19051,9667610,9667710,9667810,34196445527,34187118877,19888251663056858308,4594474937352116101,15293776725704742207,15293776725704742207,19291604113165152558,True
19052,9667713,9667813,9667913,34187118877,34255691990,10256686300047149889,6465527161119041054,3791159138928108835,6465527161119041054,9948985711045735392,True
19053,9667816,9667916,9668016,34255691990,34297535656,18979730847255867998,15931477060349537382,3048253786906330616,15931477060349537382,18410338921838191958,True
19054,9667919,9668019,9668119,34297535656,34307117406,23585794568472917685,11502487287668082017,12083307280804835668,11502487287668082017,22878220731418730154,True
19055,9668022,9668122,9668222,34307117406,34249969745,19316220333894811216,5481492688412234178,13834727645482577038,13834727645482577038,18736733723877966879,True
19056,9668126,9668226,9668326,34249969745,34145896639,18112218055651888947,7547376822003816117,10564841233648072830,10564841233648072830,17568851513982332278,True
19057,9668229,9668329,9668429,34145896639,34146381777,17343866093608545754,4258331546569539528,13085534547039006226,4258331546569539528,16823550110800289381,True
19058,9668333,9668433,9668533,34146381777,34083034702,28779711960699633046,9662996582750334479,19116715377949298567,19116715377949298567,27916320601878644054,True
19059,9668436,9668536,9668636,34083034702,34110389305,22138794867422545007,14017526063287459623,8121268804135085384,14017526063287459623,21474631021399868656,True
19060,9668540,9668640,9668740,34110389305,34237752234,19497837045477721894,14151161680472759551,5346675365004962343,14151161680472759551,18912901934113390237,True
19061,9668643,9668743,9668843,34237752234,34252000000,27698074213440825223,21080382832956444071,6617691380484381152,21080382832956444071,26867131987037600466,True
19062,9668746,9668846,9668946,34252000000,34158867779,10493637736355528715,5919210541406868168,4574427194948660547,4574427194948660547,10178828604264862853,True
19063,9668849,9668949,9669049,34158867779,34130000000,22496380718581677360,2718822068791470633,19777558649790206727,19777558649790206727,21821489297024227039,True
19064,9668952,9669052,9669152,34130000000,34116201404,15493418434573697482,12371447810234727651,3121970624338969831,3121970624338969831,15028615881536486557,True
19065,9669055,9669155,9669255,34116201404,34078528347,16697811276993065877,6326781405421566832,10371029871571499045,10371029871571499045,16196876938683273900,True
19066,9669158,9669258,9669358,34078528347,34129434660,21179988064605131593,14598296367417345453,6581691697187786140,14598296367417345453,20544588422666977645,True
19067,9669262,9669362,9669462,34129434660,34207080779,18200306759695381058,13914125010662799973,4286181749032581085,13914125010662799973,17654297556904519626,True
19068,9669365,9669465,9669565,34207080779,34193160478,17454162569266282718,10592016405188271573,6862146164078011145,6862146164078011145,16930537692188294236,True
19069,9669469,9669569,9669669,34193160478,34117197713,12553205933317819125,2953511267390614009,9599694665927205116,9599694665927205116,12176609755318284551,True
19070,9669572,9669672,9669772,34117197713,33898000000,18167548325482013978,3241000859129547159,14926547466352466819,14926547466352466819,17622521875717553558,True
19071,9669675,9669775,9669875,33898000000,33812477669,14764343488600876093,4209628466225104016,10554715022375772077,10554715022375772077,14321413183942849810,True
19072,9669779,9669879,9669979,33812477669,33676510398,11767330120944641386,2766296566165847754,9001033554778793632,9001033554778793632,11414310217316302144,True
19073,9669884,9669984,9670084,33676510398,33559000000,14941325116154636737,2531487416733434997,12409837699421201740,12409837699421201740,14493085362669997634,True
19074,9669987,9670087,9670187,33559000000,33594856094,11760526237317375515,7124798603549530038,4635727633767845477,7124798603549530038,11407710450197854249,True
19075,9670090,9670190,9670290,33594856094,33702808189,15644669227574049128,14083269902326041459,1561399325248007669,14083269902326041459,15175329150746827654,True
19076,9670193,9670293,9670393,33702808189,33703796651,17716995681838250798,15076006798404967077,2640988883433283721,15076006798404967077,17185485811383103274,True
19077,9670296,9670396,9670496,33703796651,33714120688,13076445533139521225,3526943119502769267,9549502413636751958,3526943119502769267,12684152167145335588,True
19078,9670400,9670500,9670600,33714120688,33771998783,18038948731780380296,15286173952603783650,2752774779176596646,15286173952603783650,17497780269826968887,True
19079,9670503,9670603,9670703,33771998783,33730916502,13801640050190266633,10489547313639986023,3312092736550280610,3312092736550280610,13387590848684558634,True
19080,9670607,9670707,9670807,33730916502,33678040561,14927525719687711328,2875588666477370865,12051937053210340463,12051937053210340463,14479699948097079988,True
19081,9670711,9670811,9670911,33678040561,33646580750,13680703627603597130,4573172059318851277,9107531568284745853,9107531568284745853,13270282518775489216,True
19082,9670813,9670913,9671013,33646580750,33393887642,15531577012774824659,3571015026546690689,11960561986228133970,11960561986228133970,15065629702391579919,True
19083,9670916,9671016,9671116,33393887642,33218000000,21607211831557347366,3348351784407279805,18258860047150067561,18258860047150067561,20958995476610626945,True
19084,9671020,9671120,9671220,33218000000,33279293601,28661451444851289190,20891091265830630917,7770360179020658273,20891091265830630917,27801607901505750514,True
19085,9671124,9671224,9671324,33279293601,33211704960,16045573241747312553,9470434422905042726,6575138818842269827,6575138818842269827,15564206044494893176,True
19086,9671228,9671328,9671428,33211704960,33249435407,13337397184682703720,10053771141334782877,3283626043347920843,10053771141334782877,12937275269142222608,True
19087,9671331,9671431,9671531,33249435407,33381044669,14416359535231798770,10361381938555969035,4054977596675829735,10361381938555969035,13983868749174844806,True
19088,9671434,9671534,9671634,33381044669,33335800992,19012812252522676448,12221886340076191581,6790925912446484867,6790925912446484867,18442427884946996154,True
19089,9671537,9671637,9671737,33335800992,33407591493,17353263894992356199,10342853106298882766,7010410788693473433,10342853106298882766,16832665978142585513,True
19090,9671640,9671740,9671840,33407591493,33410623006,19113369366779140097,13620961267240776891,5492408099538363206,13620961267240776891,18539968285775765894,True
19091,9671743,9671843,9671943,33410623006,0,19821391681260875290,11786513926076367707,8034877755184507583,0,0,False
19092,9671851,9671951,9672051,0,0,891811518046493392,304128228508313974,587683289538179418,0,0,False
19093,9792637,9792737,9792837,33632653769,33653679711,446347698879476051,340053800875659621,106293898003816430,340053800875659621,432957267913091769,True
19094,9792740,9792840,9792940,33653679711,33605050695,1244514292563657573,233921301253800667,1010592991309856906,1010592991309856906,1207178863786747845,True
19095,9792843,9792943,9793043,33605050695,33539137177,263228333497263661,83990422864625221,179237910632638440,179237910632638440,255331483492345751,True
19096,9792948,9793048,9793148,33539137177,33531799107,1529643020049164254,463163651635686303,1066479368413477951,1066479368413477951,1483753729447689326,True
19097,9793052,9793152,9793252,33531799107,33561252282,2322286040402823909,1626014593136297577,696271447266526332,1626014593136297577,2252617459190739191,True
19098,9793156,9793256,9793356,33561252282,33581000000,4955579803107435869,3359086223555841529,1596493579551594340,3359086223555841529,4806912409014212792,True
19099,9793259,9793359,9793459,33581000000,33568071786,4050226567674090390,3046331238730363565,1003895328943726825,1003895328943726825,3928719770643867678,True
19100,9793363,9793463,9793563,33568071786,33579000000,3717503449065764632,2989859981340064505,727643467725700127,2989859981340064505,3605978345593791693,True
19101,9793466,9793566,9793666,33579000000,33540179624,7104914032076642380,3882175941370044465,3222738090706597915,3222738090706597915,6891766611114343108,True
19102,9793569,9793669,9793769,33540179624,33479043491,4847682796981897413,599809020749556154,4247873776232341259,4247873776232341259,4702252313072440490,True
19103,9793672,9793772,9793872,33479043491,33444487768,6752298387685529363,3675236598948229153,3077061788737300210,3077061788737300210,6549729436054963482,True
19104,9793775,9793875,9793975,33444487768,33411249083,4438623532277596287,926585094627067227,3512038437650529060,3512038437650529060,4305464826309268398,True
19105,9793878,9793978,9794078,33411249083,33418317831,3849307569395732041,2434092630727925268,1415214938667806773,2434092630727925268,3733828342313860079,True
19106,9793981,9794081,9794181,33418317831,33401443823,4747001906840647397,875176243337438344,3871825663503209053,3871825663503209053,4604591849635427975,True
19107,9794084,9794184,9794284,33401443823,33380000000,6385001427253608985,4768304142078058023,1616697285175550962,1616697285175550962,6193451384436000715,True
19108,9794187,9794287,9794387,33380000000,33355000000,5415416118949508707,591800128431787517,4823615990517721190,4823615990517721190,5252953635381023445,True
19109,9794290,9794390,9794490,33355000000,33376000000,9578092382118207736,2886438852972691107,6691653529145516629,2886438852972691107,9290749610654661503,True
19110,9794393,9794493,9794593,33376000000,33361465908,9211571081248800820,3979569198049180280,5232001883199620540,5232001883199620540,8935223948811336795,True
19111,9794496,9794596,9794696,33361465908,33394231625,8294560120343678865,5873508306385522287,2421051813958156578,5873508306385522287,8045723316733368499,True
19112,9794599,9794699,9794799,33394231625,33350938496,13941325188671809721,6321197579014474829,7620127609657334892,7620127609657334892,13523085433011655429,True
19113,9794702,9794802,9794902,33350938496,33431146131,11498296485239605175,5874109383840011092,5624187101399594083,5874109383840011092,11153347590682417019,True
19114,9794806,9794906,9795006,33431146131,33442932114,10560418086921968222,4517685804136149481,6042732282785818741,4517685804136149481,10243605544314309175,True
19115,9794909,9795009,9795109,33442932114,33453877173,11792607702153203948,8545387611755562782,3247220090397641166,8545387611755562782,11438829471088607829,True
19116,9795013,9795113,9795213,33453877173,33445878451,12562741839134969526,6832091588730304078,5730650250404665448,5730650250404665448,12185859583960920440,True
19117,9795118,9795218,9795318,33445878451,33385200736,13729305919552498070,3087498562714877442,10641807356837620628,10641807356837620628,13317426741965923127,True
19118,9795223,9795323,9795423,33385200736,33343215447,11339914438984408055,2506458322471623857,8833456116512784198,8833456116512784198,10999717005814875813,True
19119,9795327,9795427,9795527,33343215447,33349754077,13553126170390551586,10281804636663822182,3271321533726729404,10281804636663822182,13146532385278835038,True
19120,9795430,9795530,9795630,33349754077,33371543134,15791319431671294033,7877903757530454542,7913415674140839491,7877903757530454542,15317579848721155212,True
19121,9795533,9795633,9795733,33371543134,33363512865,12437256203490715968,6868690753617261079,5568565449873454889,5568565449873454889,12064138517385994488,True
19122,9795636,9795736,9795836,33363512865,33350431408,14565146187642023684,4659647513465136439,9905498674176887245,9905498674176887245,14128191802012762973,True
19123,9795739,9795839,9795939,33350431408,33391674118,17089509138878810163,9596320391493059658,7493188747385750505,9596320391493059658,16576823864712445858,True
19124,9795842,9795942,9796042,33391674118,33369219982,10996926406048894598,5993723531233266983,5003202874815627615,5003202874815627615,10667018613867427760,True
19125,9795945,9796045,9796145,33369219982,33338198645,9761845676233728815,5829811670390124714,3932034005843604101,3932034005843604101,9468990305946716950,True
19126,9796048,9796148,9796248,33338198645,33351522931,7998205199711193904,3945931531200162143,4052273668511031761,3945931531200162143,7758259043719858086,True
19127,9796150,9796250,9796350,33351522931,33312683468,8725406914325071050,2809970677475488328,5915436236849582722,5915436236849582722,8463644706895318918,True
19128,9796254,9796354,9796454,33312683468,33296643313,12503816475903562033,3474196171646255808,9029620304257306225,9029620304257306225,12128701981626455172,True
19129,9796358,9796458,9796558,33296643313,33209310230,6974010450681002118,3106931150181962575,3867079300499039543,3867079300499039543,6764790137160572054,True
19130,9796461,9796561,9796661,33209310230,33324275073,9152492132651472999,6403896353427032994,2748595779224440005,6403896353427032994,8877917368671928809,True
19131,9796564,9796664,9796764,33324275073,33456489347,17099932985976177493,14832635353047461336,2267297632928716157,14832635353047461336,16586934996396892168,True
19132,9796667,9796767,9796867,33456489347,33494529345,11072245522291525007,9551567714920283468,1520677807371241539,9551567714920283468,10740078156622779256,True
19133,9796770,9796870,9796970,33494529345,33493398521,7457390373010679838,2077929508165223369,5379460864845456469,5379460864845456469,7233668661820359442,True
19134,9796873,9796973,9797073,33493398521,33496926779,8947809980553349494,6402192815140949309,2545617165412400185,6402192815140949309,8679375681136749009,True
19135,9796976,9797076,9797176,33496926779,33466234410,16570702203355605881,4120893655354934630,12449808548000671251,12449808548000671251,16073581137254937704,True
19136,9797079,9797179,9797279,33466234410,33412557912,15358228579455657263,2854577675260371722,12503650904195285541,12503650904195285541,14897481722071987545,True
19137,9797183,9797283,9797383,33412557912,33471000000,12903312955853431192,5010072711578288033,7893240244275143159,5010072711578288033,12516213567177828256,True
19138,9797289,9797389,9797489,33471000000,33467646293,21138709114250415851,15846883547455928890,5291825566794486961,5291825566794486961,20504547840822903375,True
19139,9797393,9797493,9797593,33467646293,33480718468,13122103794462092099,4272752407013132772,8849351387448959327,4272752407013132772,12728440680628229336,True
19140,9797496,9797596,9797696,33480718468,33534748480,11691094458635843654,2268993000351864109,9422101458283979545,2268993000351864109,11340361624876768344,True
19141,9797600,9797700,9797800,33534748480,33603040752,16405821948838100567,12046439246812201604,4359382702025898963,12046439246812201604,15913647290372957549,True
19142,9797703,9797803,9797903,33603040752,33636000000,19351712619343491800,12774989527876496889,6576723091466994911,12774989527876496889,18771161240763187046,True
19143,9797807,9797907,9798007,33636000000,33660861191,15411567408270533193,8348356850288849310,7063210557981683883,8348356850288849310,14949220386022417197,True
19144,9797911,9798011,9798111,33660861191,33664128211,23603459759422210819,12097602152649741894,11505857606772468925,12097602152649741894,22895355966639544494,True
19145,9798014,9798114,9798214,33664128211,33705000000,14791844369933602634,10488592254792862347,4303252115140740287,10488592254792862347,14348089038835594554,True
19146,9798117,9798217,9798317,33705000000,33737304891,25667329577685635950,14784597616652552370,10882731961033083580,14784597616652552370,24897309690355066871,True
19147,9798221,9798321,9798421,33737304891,33743755074,27027404763710853892,16153273605691185036,10874131158019668856,16153273605691185036,26216582620799528275,True
19148,9798324,9798424,9798524,33743755074,33681571154,25029901836112853821,10443818255747443638,14586083580365410183,14586083580365410183,24279004781029468206,True
19149,9798427,9798527,9798627,33681571154,33661302098,15295526449801945281,5540927307101949939,9754599142699995342,9754599142699995342,14836660656307886922,True
19150,9798530,9798630,9798730,33661302098,33703000000,22668303977199197314,10228884584080374121,12439419393118823193,10228884584080374121,21988254857883221394,True
19151,9798633,9798733,9798833,33703000000,33674103946,21523071868191197611,5142550495355142178,16380521372836055433,16380521372836055433,20877379712145461682,True
19152,9798738,9798838,9798938,33674103946,33694226285,23381235574316003465,5194914247022060738,18186321327293942727,5194914247022060738,22679798507086523361,True
19153,9798841,9798941,9799041,33694226285,33665357271,25379389235999274297,12550118602642390899,12829270633356883398,12829270633356883398,24618007558919296068,True
19154,9798948,9799048,9799148,33665357271,33628814621,50442492076876265785,23451939086697928101,26990552990178337684,26990552990178337684,48929217314569977811,True
19155,9799052,9799152,9799252,33628814621,33638678703,17225607708172000295,6154361767604757748,11071245940567242547,6154361767604757748,16708839476926840286,True
19156,9799157,9799257,9799357,33638678703,33658133367,16645222282636138523,11800891234166226099,4844331048469912424,11800891234166226099,16145865614157054367,True
19157,9799261,9799361,9799461,33658133367,33678400545,17905512091273514274,12117364525692300493,5788147565581213781,12117364525692300493,17368346728535308845,True
19158,9799363,9799463,9799563,33678400545,33700800386,20727790952513742143,14238674671362169985,6489116281151572158,14238674671362169985,20105957223938329878,True
19159,9799469,9799569,9799669,33700800386,33713983284,16864666754352687058,9355156642866531567,7509510111486155491,9355156642866531567,16358726751722106446,True
19160,9799572,9799672,9799772,33713983284,33673001546,23190685352617795244,4287142210222268912,18903543142395526332,18903543142395526332,22494964792039261386,True
19161,9799676,9799776,9799876,33673001546,33672852024,9663154623099718312,4504376056780519853,5158778566319198459,5158778566319198459,9373259984406726762,True
19162,9799781,9799881,9799981,33672852024,33724000000,20323091617555769480,10377367587981366872,9945724029574402608,10377367587981366872,19713398869029096395,True
19163,9799886,9799986,9800086,33724000000,33748013908,19593077034657707306,15378038874992189852,4215038159665517454,15378038874992189852,19005284723617976086,True
19164,9799989,9800089,9800189,33748013908,33834642517,15348153020095360376,9330887497484530424,6017265522610829952,9330887497484530424,14887708429492499564,True
19165,9800092,9800192,9800292,33834642517,33845000000,23762253428023199273,21031031093535401447,2731222334487797826,21031031093535401447,23049385825182503294,True
19166,9800195,9800295,9800395,33845000000,33899306149,12055462706771245339,8028292979009540096,4027169727761705243,8028292979009540096,11693798825568107978,True
19167,9800299,9800399,9800499,33899306149,33965306587,34390427057746676337,25767315962101567115,8623111095645109222,25767315962101567115,33358714246014276046,True
19168,9800402,9800502,9800602,33965306587,34002261878,31501809298786172622,7854901768382490785,23646907530403681837,7854901768382490785,30556755019822587443,True
19169,9800505,9800605,9800705,34002261878,34186426640,20763968737536007927,18838350572316672080,1925618165219335847,18838350572316672080,20141049675409927689,True
19170,9800609,9800709,9800809,34186426640,34254646994,40767864228458357101,25154038862309983026,15613825366148374075,25154038862309983026,39544828301604606387,True
19171,9800712,9800812,9800912,34254646994,34241771255,27390581449367483631,5723691297436186514,21666890151931297117,21666890151931297117,26568864005886459122,True
19172,9800816,9800916,9801016,34241771255,34310544054,17836300014783041428,6170865223316879699,11665434791466161729,6170865223316879699,17301211014339550185,True
19173,9800919,9801019,9801119,34310544054,34501000000,33221548799184836141,31040120493943233069,2181428305241603072,31040120493943233069,32224902335209291056,True
19174,9801022,9801122,9801222,34501000000,34569714513,25203246069287596429,6567498286830662044,18635747782456934385,6567498286830662044,24447148687208968536,True
19175,9801125,9801225,9801325,34569714513,34460946102,31288037071745672311,12543590532255906122,18744446539489766189,18744446539489766189,30349395959593302141,True
19176,9801229,9801329,9801429,34460946102,34439723199,32550158260396133473,19572254662660867892,12977903597735265581,12977903597735265581,31573653512584249468,True
19177,9801333,9801433,9801533,34439723199,34389686538,30565442330394356763,4824331779256461246,25741110551137895517,25741110551137895517,29648479060482526060,True
19178,9801437,9801537,9801637,34389686538,34347000000,37993461592846516281,22283171761192497193,15710289831654019088,15710289831654019088,36853657745061120792,True
19179,9801541,9801641,9801741,34347000000,34381527177,27846873978033881623,16685861188300816414,11161012789733065209,16685861188300816414,27011467758692865174,True
19180,9801644,9801744,9801844,34381527177,34339193250,19737767176209000205,9746115085495594267,9991652090713405938,9991652090713405938,19145634160922730198,True
19181,9801747,9801847,9801947,34339193250,34275634785,19330319689977496300,3288043249313286029,16042276440664210271,16042276440664210271,18750410099278171411,True
19182,9801850,9801950,9802050,34275634785,34260670486,25626179016720765057,3606842156306308298,22019336860414456759,22019336860414456759,24857393646219142105,True
19183,9801955,9802055,9802155,34260670486,34330830427,25202970481908805442,21476280334571802295,3726690147337003147,21476280334571802295,24446881367451541278,True
19184,9802059,9802159,9802259,34330830427,34430974255,25830403107662219718,22444996084961977150,3385407022700242568,22444996084961977150,25055491014432353126,True
19185,9802162,9802262,9802362,34430974255,34457185836,34307979692680071040,22008639687599934836,12299340005080136204,22008639687599934836,33278740301899668908,True
19186,9802265,9802365,9802465,34457185836,34472479916,12134204029395383905,7947117916211781071,4187086113183602834,7947117916211781071,11770177908513522387,True
19187,9802368,9802468,9802568,34472479916,34495956216,41002970903370953969,22569433960886317028,18433536942484636941,22569433960886317028,39772881776269825349,True
19188,9802472,9802572,9802672,34495956216,34527534117,38528710622846332541,14586444290236734103,23942266332609598438,14586444290236734103,37372849304160942564,True
19189,9802576,9802676,9802776,34527534117,34542362392,39155162675103978023,12656338253394208899,26498824421709769124,12656338253394208899,37980507794850858682,True
19190,9802679,9802779,9802879,34542362392,34491648542,36446194411581418779,7413721927167239282,29032472484414179497,29032472484414179497,35352808579233976215,True
19191,9802784,9802884,9802984,34491648542,0,36669768392902378206,21522359426744561163,15147408966157817043,0,0,False
